url_path,views_total,views_unique
/jonescompneurolab/hnn-core,91,29
/jonescompneurolab/hnn-core/tree/master/hnn_core,64,8
/jonescompneurolab/hnn-core/discussions/693,29,7
/jonescompneurolab/hnn-core/issues,28,13
/jonescompneurolab/hnn-core/discussions,23,4
/jonescompneurolab/hnn-core/blob/master/hnn_core/network_models.py,18,5
/jonescompneurolab/hnn-core/tree/master/examples,18,3
/jonescompneurolab/hnn-core/tree/master/.github/workflows,17,4
/jonescompneurolab/hnn-core/issues/694,17,3
/jonescompneurolab/hnn-core/pulls,16,7
